ID,Module
Met_neg_1152,red
Met_neg_1175,red
Met_neg_1291,red
Met_neg_130,red
Met_neg_1341,red
Met_neg_1373,red
Met_neg_1554,red
Met_neg_1574,red
Met_neg_1648,red
Met_neg_1660,red
Met_neg_1663,red
Met_neg_1683,red
Met_neg_1728,red
Met_neg_1751,red
Met_neg_1796,red
Met_neg_1816,red
Met_neg_1848,red
Met_neg_1854,red
Met_neg_1860,red
Met_neg_1884,red
Met_neg_1953,red
Met_neg_1995,red
Met_neg_2028,red
Met_neg_2053,red
Met_neg_2074,red
Met_neg_2137,red
Met_neg_2195,red
Met_neg_2240,red
Met_neg_2264,red
Met_neg_2277,red
Met_neg_2296,red
Met_neg_2303,red
Met_neg_2327,red
Met_neg_2391,red
Met_neg_283,red
Met_neg_293,red
Met_neg_479,red
Met_neg_529,red
Met_neg_533,red
Met_neg_634,red
Met_neg_675,red
Met_neg_699,red
Met_neg_70,red
Met_neg_706,red
Met_neg_721,red
Met_neg_776,red
Met_neg_865,red
Met_neg_886,red
Met_neg_979,red
Met_pos_01,red
Met_pos_05,red
Met_pos_09,red
Met_pos_1090,red
Met_pos_1139,red
Met_pos_1153,red
Met_pos_1173,red
Met_pos_1192,red
Met_pos_123,red
Met_pos_1245,red
Met_pos_1266,red
Met_pos_134,red
Met_pos_1365,red
Met_pos_1377,red
Met_pos_1422,red
Met_pos_1488,red
Met_pos_1517,red
Met_pos_1553,red
Met_pos_1668,red
Met_pos_1698,red
Met_pos_1748,red
Met_pos_1758,red
Met_pos_1761,red
Met_pos_1920,red
Met_pos_2044,red
Met_pos_2053,red
Met_pos_2115,red
Met_pos_2127,red
Met_pos_218,red
Met_pos_220,red
Met_pos_226,red
Met_pos_2388,red
Met_pos_2520,red
Met_pos_2546,red
Met_pos_2600,red
Met_pos_2631,red
Met_pos_2637,red
Met_pos_265,red
Met_pos_2694,red
Met_pos_2704,red
